{"cameraMode":{"drawMode":0,"name":"Shaded","section":"Shading Mode"},"sceneLighting":false,"audioPlay":false,"sceneViewState":{"showFog":true,"showMaterialUpdate":false,"showSkybox":true,"showFlares":true,"showImageEffects":true,"showParticleSystems":true},"in2DMode":false,"pivot":{"x":566.1187744140625,"y":486.2275390625,"z":-2.8441162109375},"rotation":{"x":0.020998254418373109,"y":-0.007498171646147966,"z":0.0001574233319843188,"w":0.9997513890266419},"size":546.2024536132813,"orthographic":false}