{"cameraMode":{"drawMode":0,"name":"Shaded","section":"Shading Mode"},"sceneLighting":true,"audioPlay":false,"sceneViewState":{"showFog":true,"showMaterialUpdate":false,"showSkybox":true,"showFlares":true,"showImageEffects":true,"showParticleSystems":true},"in2DMode":false,"pivot":{"x":4.161328315734863,"y":0.10406827926635742,"z":89.85028839111328},"rotation":{"x":0.1678372472524643,"y":-0.1726239174604416,"z":0.029865574091672899,"w":0.9701235890388489},"size":11.542749404907227,"orthographic":false}