{"cameraMode":{"drawMode":0,"name":"Shaded","section":"Shading Mode"},"sceneLighting":true,"audioPlay":false,"sceneViewState":{"showFog":true,"showMaterialUpdate":false,"showSkybox":true,"showFlares":true,"showImageEffects":true,"showParticleSystems":true},"in2DMode":false,"pivot":{"x":0.5458195209503174,"y":-0.40928229689598086,"z":90.45287322998047},"rotation":{"x":0.07972077280282974,"y":-0.011061526834964753,"z":0.0008852743776515126,"w":0.9967554807662964},"size":10.37249755859375,"orthographic":true}